{"cameraMode":{"drawMode":0,"name":"Shaded","section":"Shading Mode"},"sceneLighting":false,"audioPlay":false,"sceneViewState":{"showFog":true,"showMaterialUpdate":false,"showSkybox":false,"showFlares":true,"showImageEffects":true,"showParticleSystems":true},"in2DMode":false,"pivot":{"x":-3.8984603881835939,"y":9.93136215209961,"z":-6.1849565505981449},"rotation":{"x":-0.22745302319526673,"y":0.763541579246521,"z":-0.35509583353996279,"w":-0.48908355832099917},"size":51.105133056640628,"orthographic":false}